id,scheduled_time,text,media_paths,status,tweet_id,posted_at,error
20260831_0730,2026-08-31 07:30,布団から出た時点で、今日のタスクは80%終わってます。えらい。,,pending,,,
20260831_1230,2026-08-31 12:30,午前の自分、お疲れさまでした。ここでいったん肩の力抜きましょう。,,pending,,,
20260831_1800,2026-08-31 18:00,今日も1日、ちゃんと生きた。それだけで十分な実績です。,,pending,,,
20260901_0730,2026-09-01 07:30,完璧な1日じゃなくていい。「まあまあよかった日」を今日の目標にしよう。,,pending,,,
20260901_1230,2026-09-01 12:30,ランチ、何を食べるか迷う時間も、実は今日いちばん幸せな時間かもしれません。,,pending,,,
20260901_1800,2026-09-01 18:00,今日できたことだけ数えて、できなかったことは明日に丸投げしましょう。,,pending,,,
20260902_0730,2026-09-02 07:30,今日のあなたは、まだ何も失敗してない。最高のスタートです。,,pending,,,
20260902_1230,2026-09-02 12:30,午後、まだ半分残ってます。でも半分「しか」じゃなくて半分「も」あると思うと楽です。,,pending,,,
20260902_1800,2026-09-02 18:00,帰り道、ちゃんと自分の足で歩けたあなた、今日もお疲れさまでした。,,pending,,,
20260903_0730,2026-09-03 07:30,「よし」と声に出して立ち上がった人、もう今日は勝ちです。,,pending,,,
20260903_1230,2026-09-03 12:30,眠気が来たら、それは頑張ってる証拠。無理せずコーヒーでも。,,pending,,,
20260903_1800,2026-09-03 18:00,今日の自分に「よくやった」って、声に出さなくてもいいから思ってあげてください。,,pending,,,
20260904_0730,2026-09-04 07:30,昨日の自分に「おはよう」って言えたら、それだけで合格。,,pending,,,
20260904_1230,2026-09-04 12:30,今日のお昼休み、スマホを置いて5分だけボーッとするのもアリです。,,pending,,,
20260904_1800,2026-09-04 18:00,明日のことは明日の自分に任せて、今夜はちゃんと休みましょう。,,pending,,,
20260905_0900,2026-09-05 09:00,週末の朝は、目覚ましより先に自分のペースを優先していいんです。,,pending,,,
20260906_0900,2026-09-06 09:00,今日は「何もしない」も立派な予定のひとつです。,,pending,,,
20260907_0730,2026-09-07 07:30,今日、誰かがあなたの笑顔で少し元気になります。先に伝えておきます。,,pending,,,
20260907_1230,2026-09-07 12:30,午前中を乗り切ったあなたに、勝手に拍手を送っておきます。,,pending,,,
20260907_1800,2026-09-07 18:00,今日1日、誰にも迷惑かけずに(たぶん)過ごせた、それだけで満点です。,,pending,,,
20260908_0730,2026-09-08 07:30,天気が悪くても、機嫌まで曇らせる必要はありません。,,pending,,,
20260908_1230,2026-09-08 12:30,「あと少しだけ頑張る」って思う時の「少し」、意外と伸ばせるものです。,,pending,,,
20260908_1800,2026-09-08 18:00,「今日は特に何もなかった」って日も、実は無事に過ごせた証拠です。,,pending,,,
20260909_0730,2026-09-09 07:30,スタートダッシュが苦手な人、ゆっくり加速でも十分間に合います。,,pending,,,
20260909_1230,2026-09-09 12:30,お昼寝5分は、午後のパフォーマンスを地味に底上げしてくれます。,,pending,,,
20260909_1800,2026-09-09 18:00,お風呂に入ったら、今日の疲れも一緒に流していいことにしましょう。,,pending,,,
20260910_0730,2026-09-10 07:30,「今日も同じ毎日」に見えて、実は毎日ちょっとずつ違う日です。,,pending,,,
20260910_1230,2026-09-10 12:30,今日の自分にひとこと:朝からよくやってる。えらい。,,pending,,,
20260910_1800,2026-09-10 18:00,今日、笑ったこと1つでもありましたか?あったなら今日は勝ちです。,,pending,,,
20260911_0730,2026-09-11 07:30,コーヒーを一口飲んだその瞬間、今日はもう始まっています。合格。,,pending,,,
20260911_1230,2026-09-11 12:30,ランチのあと眠くなるのは、体が頑張ってる証拠です。恥ずかしくない。,,pending,,,
20260911_1800,2026-09-11 18:00,頑張った自分にごほうび、コンビニスイーツでも十分立派です。,,pending,,,
20260912_0900,2026-09-12 09:00,布団の中でスマホを見る時間、今日はたっぷり許可します。,,pending,,,
20260913_0900,2026-09-13 09:00,週末くらい、朝ごはんとお昼ごはんを一緒にしても誰も怒りません。,,pending,,,
20260914_0730,2026-09-14 07:30,今日のノルマ、まず「起きる」はクリア済み。次いきましょう。,,pending,,,
20260914_1230,2026-09-14 12:30,午後の会議、乗り切ったらおやつでいいことにしましょう。,,pending,,,
20260914_1800,2026-09-14 18:00,今日の反省は程々にして、まずはちゃんと寝ることを優先しましょう。,,pending,,,
20260915_0730,2026-09-15 07:30,やる気が出ない朝も、やる気に頼らず動ける人はもう十分強い。,,pending,,,
20260915_1230,2026-09-15 12:30,「お腹すいた」で頭がいっぱいになる時間、それもまた人間らしくていいです。,,pending,,,
20260915_1800,2026-09-15 18:00,「今日も乗り切った」その一言、誰かに言う前にまず自分にかけてください。,,pending,,,
20260916_0730,2026-09-16 07:30,今日、誰かと比べなくていい。昨日のあなたより少し進めば満点。,,pending,,,
20260916_1230,2026-09-16 12:30,今日の空、意外と気持ちいいかもしれません。1分だけ外の空気吸ってみて。,,pending,,,
20260916_1800,2026-09-16 18:00,明日も同じように頑張らなくていい。今日ちゃんと頑張ったから。,,pending,,,
20260917_0730,2026-09-17 07:30,鏡の中のあなた、今日もなかなかいい顔してます。,,pending,,,
20260917_1230,2026-09-17 12:30,午後にもうひと踏ん張りできる人は、朝ちゃんと休めてた証拠です。,,pending,,,
20260917_1800,2026-09-17 18:00,今日1日で完璧を求めるのはもうやめましょう。今日もお疲れさまでした。,,pending,,,
20260918_0730,2026-09-18 07:30,「面倒くさい」と思いながらでも家を出られたら、それは立派な行動力。,,pending,,,
20260918_1230,2026-09-18 12:30,コンビニのレジで少し悩む時間、実は今日の小さな楽しみです。,,pending,,,
20260918_1800,2026-09-18 18:00,夜ごはん、美味しく食べられたなら今日はそれだけで十分な1日です。,,pending,,,
20260919_0900,2026-09-19 09:00,今日1日、予定を詰め込みすぎなくて大丈夫です。,,pending,,,
20260920_0900,2026-09-20 09:00,のんびり起きた自分を、今日はちゃんと褒めてあげてください。,,pending,,,
20260921_0730,2026-09-21 07:30,今日1日を三行日記にするなら、いい話で終わらせましょう。,,pending,,,
20260921_1230,2026-09-21 12:30,「もう疲れた」って思ったら、それはもう半分頑張った証拠。,,pending,,,
20260921_1800,2026-09-21 18:00,今日のイライラは、寝る前に一度置いていってください。持ち越さなくていい。,,pending,,,
20260922_0730,2026-09-22 07:30,眠い目をこすりながらここまで読んだあなた、もう偉業を達成中です。,,pending,,,
20260922_1230,2026-09-22 12:30,今日のランチタイム、誰かと話せたなら、それだけで今日は豊かな日です。,,pending,,,
20260922_1800,2026-09-22 18:00,「今日も生き延びた」くらいの気持ちで、ちょうどいいです。,,pending,,,
20260923_0730,2026-09-23 07:30,今日の自分にプレッシャーをかけすぎず、「まあやってみるか」くらいで十分。,,pending,,,
20260923_1230,2026-09-23 12:30,午後の眠気に負けそうな人、姿勢を正すだけで少し目が覚めます。,,pending,,,
20260923_1800,2026-09-23 18:00,明日の自分に、少しだけ優しい今日の自分を残してあげましょう。,,pending,,,
20260924_0730,2026-09-24 07:30,誰も見てなくても、今日のあなたの頑張りはちゃんとここに記録しておきます。,,pending,,,
20260924_1230,2026-09-24 12:30,お昼ごはんを美味しいと思えたなら、今日はまだ悪くない日です。,,pending,,,
20260924_1800,2026-09-24 18:00,今日1日頑張ったあなたに、今夜はゆっくりする権利があります。,,pending,,,
20260925_0730,2026-09-25 07:30,「今日は調子いいぞ」と、根拠なく自分に言ってあげてください。案外効きます。,,pending,,,
20260925_1230,2026-09-25 12:30,「あと半日」を「もう半日終わった」に変換すると、少し軽くなります。,,pending,,,
20260925_1800,2026-09-25 18:00,今日の自分を採点するなら、少し甘めにつけてあげてください。,,pending,,,
20260926_0900,2026-09-26 09:00,週末の「特にやることがない」は、実はかなり贅沢な時間です。,,pending,,,
20260927_0900,2026-09-27 09:00,今日くらい、時計をあまり見ない1日にしてみませんか。,,pending,,,
20260928_0730,2026-09-28 07:30,深呼吸ひとつで、今日のスタートラインはちょっと軽くなります。,,pending,,,
20260928_1230,2026-09-28 12:30,デスクでこっそりストレッチ、誰も見てません。今がチャンス。,,pending,,,
20260928_1800,2026-09-28 18:00,お布団に入った瞬間の安心感、今日いちばんのごほうびです。,,pending,,,
20260929_0730,2026-09-29 07:30,今日という日は、今日しかありません。ちょっと得した気分でいきましょう。,,pending,,,
20260929_1230,2026-09-29 12:30,今日の午後、無理に元気出さなくていいです。淡々といきましょう。,,pending,,,
20260929_1800,2026-09-29 18:00,今日できなかったことより、今日ちゃんとやれたことを数えましょう。,,pending,,,
20260930_0730,2026-09-30 07:30,昨日できなかったこと、今日もできなくて大丈夫。人間だもの。,,pending,,,
20260930_1230,2026-09-30 12:30,ランチ後の眠気対策、実は少し歩くのが一番効きます。,,pending,,,
20260930_1800,2026-09-30 18:00,誰にも褒められなかった今日の頑張り、ここで拍手しておきます。,,pending,,,
20261001_0730,2026-10-01 07:30,「行ってきます」の声、今日は少し大きめに出してみませんか。,,pending,,,
20261001_1230,2026-10-01 12:30,午前中頑張った分、午後は少しペースを落としても大丈夫です。,,pending,,,
20261001_1800,2026-10-01 18:00,「今日も無事に終わった」それだけで、実はかなりすごいことです。,,pending,,,
20261002_0730,2026-10-02 07:30,朝が苦手なあなたへ。ここまでたどり着いただけで才能あります。,,pending,,,
20261002_1230,2026-10-02 12:30,お昼休みが短くても、深呼吸3回でだいぶリセットできます。,,pending,,,
20261002_1800,2026-10-02 18:00,明日の心配は、明日起きてからで十分間に合います。,,pending,,,
20261003_0900,2026-10-03 09:00,平日頑張った分、今日はゆっくりが正解です。,,pending,,,
20261004_0900,2026-10-04 09:00,今日、誰にも予定を合わせなくていい時間があるなら、それは幸せなことです。,,pending,,,
20261005_0730,2026-10-05 07:30,今日の目標は「無理しすぎないこと」。それだけで十分立派です。,,pending,,,
20261005_1230,2026-10-05 12:30,今日、誰かのために少し譲れたら、それはもう立派な午後の実績です。,,pending,,,
20261005_1800,2026-10-05 18:00,今日1日分の頑張り、ちゃんと自分の中に貯金されています。,,pending,,,
20261006_0730,2026-10-06 07:30,曇りの日も、あなたのやる気までは曇らせなくていい。,,pending,,,
20261006_1230,2026-10-06 12:30,「あと何時間」で数えるより、「あと何回休憩」で数えると気が楽です。,,pending,,,
20261006_1800,2026-10-06 18:00,寝る前のスマホ、あと5分だけなら許可します。今日は頑張ったので。,,pending,,,
20261007_0730,2026-10-07 07:30,今日、小さな親切をひとつしたら、それはもう良い1日の証拠です。,,pending,,,
20261007_1230,2026-10-07 12:30,昼下がりのだるさは、みんな平等に感じてます。あなただけじゃない。,,pending,,,
20261007_1800,2026-10-07 18:00,今日の自分にダメ出しする前に、まず「お疲れさま」を先に言いましょう。,,pending,,,
20261008_0730,2026-10-08 07:30,「なんとかなる」って唱えると、本当になんとかなりやすくなるらしいです。,,pending,,,
20261008_1230,2026-10-08 12:30,今日食べたもの、ちゃんと味わえましたか?それだけで十分な休憩です。,,pending,,,
20261008_1800,2026-10-08 18:00,今夜はゆっくり湯船につかって、今日の分の疲れを流しましょう。,,pending,,,
20261009_0730,2026-10-09 07:30,今日の自分へ:昨日よりちょっとだけ機嫌よくいけたら上出来。,,pending,,,
20261009_1230,2026-10-09 12:30,午後の仕事、完璧じゃなくて「終わらせる」を目標にしましょう。,,pending,,,
20261009_1800,2026-10-09 18:00,今日という日は、もう二度と来ません。ちゃんと生きた証拠が今日1日分あります。,,pending,,,
20261010_0900,2026-10-10 09:00,週末の朝の静けさ、実は1週間でいちばんの贅沢かもしれません。,,pending,,,
20261011_0900,2026-10-11 09:00,今日は「やらなきゃ」より「やりたい」を優先していい日です。,,pending,,,
20261012_0730,2026-10-12 07:30,支度に時間がかかっても、今日は遅刻じゃなくて「余裕を持って出発」にしよう。,,pending,,,
20261012_1230,2026-10-12 12:30,眠くなったら、目を閉じるより先に肩の力を抜いてみてください。,,pending,,,
20261012_1800,2026-10-12 18:00,明日も頑張れる保証はいりません。今日頑張れたことがもう十分な証拠です。,,pending,,,
20261013_0730,2026-10-13 07:30,今朝、目覚まし1回で起きられた人、もうMVP候補です。,,pending,,,
20261013_1230,2026-10-13 12:30,今日のあなた、午前中だけでもうだいぶ頑張ってます。自覚してください。,,pending,,,
20261013_1800,2026-10-13 18:00,今日1日を振り返って、笑える失敗があったなら、それはもうネタとして黒字です。,,pending,,,
20261014_0730,2026-10-14 07:30,眠気に負けず起きたその根性、今日1日ずっと使っていきましょう。,,pending,,,
20261014_1230,2026-10-14 12:30,ランチの選択、間違いなんてありません。今日食べたいものが正解です。,,pending,,,
20261014_1800,2026-10-14 18:00,「今日はダメな1日だった」と思う日ほど、実はちゃんと踏ん張った日だったりします。,,pending,,,
20261015_0730,2026-10-15 07:30,今日という真っさらなページ、好きな言葉から書き始めていいんです。,,pending,,,
20261015_1230,2026-10-15 12:30,午後イチの仕事が憂鬱でも、終わればまたひと休みが待ってます。,,pending,,,
20261015_1800,2026-10-15 18:00,眠る前の数分、今日いちばん優しい時間にしてあげてください。,,pending,,,
20261016_0730,2026-10-16 07:30,「よし、いくか」その一言が、今日いちばんの名言かもしれません。,,pending,,,
20261016_1230,2026-10-16 12:30,「めんどくさい」を我慢して午後も働くあなた、普通にすごいです。,,pending,,,
20261016_1800,2026-10-16 18:00,今日頑張った分、明日は少しくらいサボっても帳尻は合います。,,pending,,,
20261017_0900,2026-10-17 09:00,二度寝したあなた、今日はそれで正解です。,,pending,,,
20261018_0900,2026-10-18 09:00,週末くらい、自分に甘くしても誰も文句は言いません。,,pending,,,
20261019_0730,2026-10-19 07:30,今日も元気に、じゃなくて今日も自分のペースで、でいいんです。,,pending,,,
20261019_1230,2026-10-19 12:30,今日はコーヒーの香りだけで、少し気分転換できるかもしれません。,,pending,,,
20261019_1800,2026-10-19 18:00,「今日もお疲れさま」その言葉、今夜は自分にかけてあげてください。,,pending,,,
20261020_0730,2026-10-20 07:30,朝ごはんを食べたあなた、すでに今日のタスクを1つ消化済みです。,,pending,,,
20261020_1230,2026-10-20 12:30,お昼休み、SNSを見るのも息抜きのひとつ。今まさにそうですね。,,pending,,,
20261020_1800,2026-10-20 18:00,今日1日の終わりに、深呼吸をひとつ。それだけで十分なご褒美です。,,pending,,,
20261021_0730,2026-10-21 07:30,誰かに褒められる前に、まず自分で自分を褒めておきましょう。おはよう。,,pending,,,
20261021_1230,2026-10-21 12:30,午後の会議中、こっそり背伸びするだけで少しラクになります。,,pending,,,
20261021_1800,2026-10-21 18:00,明日はまた新しい1日。今日の分は今日でちゃんと終わりにしましょう。,,pending,,,
20261022_0730,2026-10-22 07:30,今日の空、なんとなく見上げてみませんか。ちょっとだけ得します。,,pending,,,
20261022_1230,2026-10-22 12:30,今日のランチ、誰かとシェアできたなら、それは今日いちばんの豊かさです。,,pending,,,
20261022_1800,2026-10-22 18:00,今日を生き抜いたあなたへ、おやすみなさい。よく頑張りました。,,pending,,,
20261023_0730,2026-10-23 07:30,スタートの合図はいりません。あなたはもう動き出しています。,,pending,,,
20261023_1230,2026-10-23 12:30,まだ半日残ってますが、あなたはもう十分やることやってます。,,pending,,,
20261023_1800,2026-10-23 18:00,今日という日に「お疲れさま」と言えるうちは、まだまだ大丈夫です。,,pending,,,
20261024_0900,2026-10-24 09:00,今日1日、比べる相手はいません。ただゆっくり過ごしましょう。,,pending,,,
20261025_0900,2026-10-25 09:00,平日の疲れ、今日は無理に取ろうとせず、ただ休みましょう。,,pending,,,
